country,Biomass_pct,Coal_pct,Cogeneration_pct,Gas_pct,Geothermal_pct,Hydro_pct,Nuclear_pct,Oil_pct,Other_pct,Petcoke_pct,Solar_pct,Storage_pct,Waste_pct,Wave and Tidal_pct,Wind_pct,total_capacity_mw,num_plants,renewable_ratio,fossil_ratio
AFG,0.0,0.0,0.0,13.974380302778238,0.0,79.37115288637499,0.0,0.0,0.0,0.0,6.65446681084678,0.0,0.0,0.0,0.0,300.55,9,0.8602561969722177,0.1397438030277824
AGO,0.0,0.0,0.0,15.280345040049292,0.0,71.93935659739726,0.0,12.780298362553447,0.0,0.0,0.0,0.0,0.0,0.0,0.0,1071.18,14,0.7193935659739726,0.2806064340260274
ALB,0.0,0.0,0.0,0.0,0.0,93.59058207979072,0.0,0.0,6.409417920209287,0.0,0.0,0.0,0.0,0.0,0.0,1529.0,8,0.9359058207979072,0.0
ARE,0.0,0.0,0.0,97.23019091898308,0.0,0.0,0.0,0.0,0.0,0.0,2.7698090810169154,0.0,0.0,0.0,0.0,30327.0,30,0.027698090810169152,0.9723019091898308
ARG,0.0,14.758266766837586,0.0,39.62509858163073,0.0,30.382177249354275,5.356533188523627,3.643806767516342,4.024114547289848,0.0,1.5668543195244664,0.0,0.0,0.0,0.6431485793231317,32913.079,236,0.32592180148201877,0.5802717211598466
ARM,0.0,0.0,0.0,59.033934576582084,0.0,29.501681442983795,11.464383980434118,0.0,0.0,0.0,0.0,0.0,0.0,0.0,0.0,3271.0,8,0.29501681442983796,0.5903393457658208
ATA,0.0,0.0,0.0,0.0,0.0,0.0,0.0,86.8421052631579,0.0,0.0,0.0,0.0,0.0,0.0,13.157894736842104,7.6,2,0.13157894736842105,0.8684210526315791
AUS,0.8951889946695027,38.78848598955574,0.0,30.38892537473721,0.0,12.940074606068249,0.0,1.6697590549088128,0.0,0.0,6.316693478298372,0.0,0.28643921850471527,0.0,8.714433283257419,65852.01599999999,486,0.2797120136762404,0.7084717041920175
AUT,0.0,0.0,0.0,18.410809559013458,0.0,80.80537271423609,0.0,0.0,0.0,0.0,0.0,0.0,0.0,0.0,0.783817726750452,11227.1,103,0.8158919044098654,0.18410809559013458
AZE,0.0,0.0,0.0,41.464260929909784,0.0,16.897987508674532,0.0,41.63775156141568,0.0,0.0,0.0,0.0,0.0,0.0,0.0,5764.0,14,0.16897987508674533,0.8310201249132547
BDI,0.0,0.0,0.0,0.0,0.0,86.70631450061221,0.0,0.0,0.0,0.0,13.29368549938779,0.0,0.0,0.0,0.0,57.17,4,1.0,0.0
BEL,2.707985199331582,3.506206731916925,0.0,28.764323227500594,0.0,10.394037956552875,44.206552876581526,1.3577226068274049,0.0,0.0,0.8668536643590355,0.0,1.6665671998090235,0.0,6.52975053712103,13404.800000000001,69,0.1779064215803294,0.33628252566244926
BEN,0.0,0.0,0.0,66.94214876033058,0.0,0.0,0.0,33.057851239669425,0.0,0.0,0.0,0.0,0.0,0.0,0.0,60.5,2,0.0,1.0
BFA,0.0,0.0,0.0,0.0,0.0,13.082954654479167,0.0,63.84743530478924,0.0,0.0,23.069610040731597,0.0,0.0,0.0,0.0,229.306,7,0.36152564695210765,0.6384743530478924
BGD,0.0,2.1114864864864864,0.0,74.04560810810811,0.0,1.9425675675675675,0.0,21.62162162162162,0.0,0.0,0.27871621621621623,0.0,0.0,0.0,0.0,11840.0,57,0.022212837837837836,0.9777871621621622
BGR,0.0,52.517239143122715,0.0,0.0,0.0,21.162534316162642,21.616480404660514,0.0,0.0,0.0,3.017660664490607,0.0,0.0,0.0,1.6860854715635198,9252.2,43,0.2586628045221677,0.5251723914312272
BHR,0.0,0.0,0.0,99.83786562619458,0.0,0.0,0.0,0.0962260917706919,0.0,0.0,0.06590828203472049,0.0,0.0,0.0,0.0,7586.3,8,0.0006590828203472048,0.9993409171796528
BIH,0.0,44.66189938527161,0.0,0.0,0.0,55.33810061472839,0.0,0.0,0.0,0.0,0.0,0.0,0.0,0.0,0.0,3985.5,20,0.5533810061472839,0.4466189938527161
BLR,0.0,0.0,0.0,97.27120411486953,0.0,0.0,0.0,0.0,0.0,0.0,2.728795885130465,0.0,0.0,0.0,0.0,8534.9,24,0.02728795885130465,0.9727120411486954
BOL,0.0,0.0,0.0,67.39213879932444,0.0,28.73099953938278,0.0,0.0,0.0,0.0,3.876861661292799,0.0,0.0,0.0,0.0,1563.12,26,0.3260786120067558,0.6739213879932444
BRA,8.702403964907493,1.892333348374151,0.0,7.6469003189027385,0.0,66.42717523876807,1.3483364895477323,5.611160394906464,0.09980400246752813,0.0,1.224593504468791,0.0,0.07188462890556638,0.0,6.9754081087514495,147589.27133000002,2360,0.7462717685198831,0.15150394062183353
BRN,0.0,0.0,0.0,100.0,0.0,0.0,0.0,0.0,0.0,0.0,0.0,0.0,0.0,0.0,0.0,586.0,4,0.0,1.0
BTN,0.0,0.0,0.0,0.0,0.0,100.0,0.0,0.0,0.0,0.0,0.0,0.0,0.0,0.0,0.0,1482.2,5,1.0,0.0
BWA,0.0,100.0,0.0,0.0,0.0,0.0,0.0,0.0,0.0,0.0,0.0,0.0,0.0,0.0,0.0,746.0,2,0.0,1.0
CAF,0.0,0.0,0.0,0.0,0.0,57.33127376425855,0.0,42.668726235741445,0.0,0.0,0.0,0.0,0.0,0.0,0.0,33.664,2,0.5733127376425855,0.42668726235741444
CAN,1.9096843751893564,6.806023456125457,0.0,13.780874182591152,0.0,56.19426836989053,9.927656400287788,1.6325541323329993,0.01184019635224445,0.0,1.2721942739417478,0.0,0.0,0.013929642767346413,8.450974970521393,143578.69999999998,1159,0.6593136725712102,0.22219451771049606
CHE,0.0,0.0,0.0,0.0,0.0,73.6987345631956,26.147278548559232,0.0,0.0,0.0,0.15398688824515933,0.0,0.0,0.0,0.0,13118.0,168,0.7385272145144076,0.0
CHL,1.7080708356313798,21.53116322335686,0.0,13.339360004332104,0.0,28.51975529147472,0.0,13.04000129839723,0.0,0.28020325879389224,17.591260917888953,0.0,0.0,0.0,3.990185170124861,22475.648667,315,0.5010120137948852,0.4791052452608619
CHN,0.0,67.53869204447352,0.0,4.22414514282705,0.0018444351391945731,18.304824467086505,2.3604529700910777,0.09391778927163172,0.0,0.0,3.8727357279622963,0.0,0.0,0.0,3.603387423148712,1415067.3800000001,4235,0.25782792053336706,0.718567549765722
CIV,0.0,0.0,0.0,50.20781379883624,0.0,49.79218620116376,0.0,0.0,0.0,0.0,0.0,0.0,0.0,0.0,0.0,1203.0,8,0.4979218620116376,0.5020781379883624
CMR,0.0,0.0,0.0,22.686540075773042,0.0,71.48528777876086,0.0,5.828172145466095,0.0,0.0,0.0,0.0,0.0,0.0,0.0,881.58,8,0.7148528777876086,0.28514712221239136
COD,0.0,0.0,0.0,0.817784523591448,0.0,98.74911679271453,0.0,0.4330986836940308,0.0,0.0,0.0,0.0,0.0,0.0,0.0,3057.04,15,0.9874911679271453,0.01250883207285479
COG,0.0,0.0,0.0,53.68269691644033,0.0,34.98961495446557,0.0,11.327688129094106,0.0,0.0,0.0,0.0,0.0,0.0,0.0,625.9,8,0.34989614954465575,0.6501038504553444
COL,0.0,12.751739289637495,0.0,23.370560234346392,0.0,61.27792017575979,0.0,1.720981325521787,0.0,0.0,0.8787989747345295,0.0,0.0,0.0,0.0,10924.0,25,0.6215671915049432,0.3784328084950567
CPV,0.0,0.0,0.0,0.0,0.0,0.0,0.0,94.61235924788535,0.0,0.0,5.387640752114649,0.0,0.0,0.0,0.0,92.805,4,0.05387640752114649,0.9461235924788535
CRI,0.0,0.0,0.0,0.0,10.107193659825239,65.94188173135541,0.0,23.696911196911195,0.0,0.0,0.25401341190814875,0.0,0.0,0.0,0.0,1968.4,27,0.763030888030888,0.23696911196911194
CUB,0.0,0.0,0.0,10.824905183312264,0.0,0.0,0.0,88.66940581542352,0.0,0.0,0.23704171934260432,0.0,0.0,0.0,0.2686472819216182,3796.7999999999997,14,0.0050568900126422255,0.9949431099873578
CYP,0.0,0.0,0.0,59.12806539509536,0.0,0.0,0.0,40.87193460490463,0.0,0.0,0.0,0.0,0.0,0.0,0.0,1468.0,3,0.0,1.0
CZE,0.0,49.568211857726254,0.0,7.823752200430306,0.0,10.828784295595582,24.733725706360353,0.0,0.0,0.0,7.045525939887503,0.0,0.0,0.0,0.0,16871.7,462,0.17874310235483087,0.5739196405815656
DEU,1.4774138356578121,42.63900406542446,0.0,21.804862779302404,0.0,8.911162614988923,9.970512872671673,2.5447969118755234,0.675560038790188,0.0,6.042966999397816,0.0,1.418060232038381,0.0,4.515659649852824,112040.37488,1309,0.19469789264239565,0.669886637566024
DJI,0.0,0.0,0.0,0.0,0.0,0.0,0.0,100.0,0.0,0.0,0.0,0.0,0.0,0.0,0.0,107.332,1,0.0,1.0
DNK,1.088408450007421,62.942165932815506,0.0,7.062286647207243,0.17315588977390786,0.0,0.0,8.21253648641963,0.0,0.0,3.1056745658734473,0.0,0.0,0.0,17.415772027902833,8085.200000000001,47,0.20694602483550187,0.7821698906644238
DOM,0.0,16.414705423311034,0.0,17.168167311594164,0.0,12.22169001501542,0.0,45.31535070959964,0.0,0.0,6.081513812570974,0.0,0.0,0.0,2.7985727279087667,1858.09,15,0.21101776555495164,0.7889822344450483
DZA,0.0,0.0,0.0,95.6229762249745,0.0,0.15119253108896422,0.0,0.0,0.0,0.0,4.2258312439365495,0.0,0.0,0.0,0.0,15873.8,59,0.04377023775025513,0.956229762249745
ECU,0.0,0.0,0.0,11.148327162064124,0.0,76.65375882114624,0.0,11.02019088536514,0.0,0.0,1.1777231314244796,0.0,0.0,0.0,0.0,4245.4800000000005,22,0.7783148195257072,0.22168518047429267
EGY,0.0,0.0,0.0,85.06150628227068,0.0,8.191086342826218,0.0,2.9253879795807918,0.0,0.0,2.2218321704916115,0.0,0.0,0.0,1.6001872248306932,34183.5,62,0.12013105738148522,0.8798689426185148
ERI,0.0,0.0,0.0,0.0,0.0,0.0,0.0,100.0,0.0,0.0,0.0,0.0,0.0,0.0,0.0,133.19,2,0.0,1.0
ESH,0.0,0.0,0.0,0.0,0.0,0.0,0.0,100.0,0.0,0.0,0.0,0.0,0.0,0.0,0.0,23.4,1,0.0,1.0
ESP,0.025305222739860238,11.113180797162089,0.0,33.09814828020392,0.0,19.812896219688202,9.008735211058463,5.9045574554323155,0.0,0.0,6.201440859138629,0.0,0.49098964525468625,0.0,14.344746309321831,79035.068,829,0.40359083388148664,0.5011588653279833
EST,0.0,0.0,0.0,16.64109524371533,0.0,0.0,0.0,72.42613792832134,0.0,0.0,0.0,0.0,0.0,0.0,10.932766827963333,2541.9,17,0.10932766827963332,0.8906723317203666
ETH,0.0,0.0,0.0,0.0,0.18141603916598323,94.74887546907229,0.0,0.0,0.0,0.0,0.0,0.0,0.0,0.0,5.069708491761723,4023.9,13,1.0,0.0
FIN,18.483380182355155,11.359051129293128,0.0,16.310410655129033,0.0,20.194697527117615,23.328439334190065,7.279965007341,2.394725331362171,0.0,0.0,0.0,0.0,0.0,0.649330833211831,11796.76,185,0.20844028360329447,0.3494942679176316
FJI,7.65643707858088,0.0,0.0,0.0,0.0,65.85166047009892,0.0,23.309597328124013,0.0,0.0,0.0,0.0,0.0,0.0,3.182305123196168,317.38000000000005,12,0.6903396559329509,0.23309597328124013
FRA,0.7165333310327605,3.2319034297780957,0.0,4.526472859552147,0.004068130191329072,17.633789359246617,57.07134643968984,3.966878951011548,0.0,0.0,4.439159033270117,0.0,0.0,0.2169669435375505,8.192881522689992,110615.9289,2155,0.304868649889356,0.11725255240341792
GAB,0.0,0.0,0.0,32.519415411472444,0.0,64.00931044515565,0.0,3.471274143371903,0.0,0.0,0.0,0.0,0.0,0.0,0.0,446.81,6,0.6400931044515565,0.35990689554844346
GBR,1.630070879290168,12.656027992518723,3.09401595197717,30.792251970769996,0.0,6.551269994284514,9.179119846883701,0.3833039056940446,0.0,0.0,8.92900270575174,0.9229554571317127,1.9408105386055061,0.039318499456263444,23.881852257636453,97155.28448,2751,0.3940144345712897,0.4383158386898276
GEO,0.0,0.0,0.0,32.62515007569034,0.0,67.37484992430966,0.0,0.0,0.0,0.0,0.0,0.0,0.0,0.0,0.0,3831.4,19,0.6737484992430965,0.3262515007569034
GHA,0.0,0.0,0.0,23.244781783681216,0.0,75.80645161290323,0.0,0.0,0.0,0.0,0.9487666034155597,0.0,0.0,0.0,0.0,2108.0,6,0.767552182163188,0.23244781783681215
GIN,0.0,0.0,0.0,0.0,0.0,81.95603620547784,0.0,18.04396379452216,0.0,0.0,0.0,0.0,0.0,0.0,0.0,510.41999999999996,9,0.8195603620547784,0.1804396379452216
GMB,0.0,0.0,0.0,0.0,0.0,0.0,0.0,100.0,0.0,0.0,0.0,0.0,0.0,0.0,0.0,70.4,2,0.0,1.0
GNB,0.0,0.0,0.0,0.0,0.0,0.0,0.0,100.0,0.0,0.0,0.0,0.0,0.0,0.0,0.0,18.237,1,0.0,1.0
GNQ,0.0,0.0,0.0,20.26578073089701,0.0,79.734219269103,0.0,0.0,0.0,0.0,0.0,0.0,0.0,0.0,0.0,150.5,3,0.7973421926910299,0.2026578073089701
GRC,0.0,34.075443509463696,0.0,35.508044738089794,0.0,23.88350905438086,0.0,3.417777216865127,0.0,0.0,1.4851299403423914,0.0,0.16372585470012585,0.0,1.4663696861580022,14658.650000000001,90,0.2683500868088125,0.7300126546441862
GTM,23.856767233200507,15.510558130709388,0.0,0.0,1.4583502751348565,27.31289474397549,0.0,26.65690818898918,0.0,0.0,3.1172914803068497,0.0,0.15993060638096013,0.0,1.9272993413027566,3689.1000000000004,76,0.3381583584071995,0.4216746631969857
GUF,0.7917656373713382,0.0,0.0,36.42121931908156,0.0,44.972288202692,0.0,15.83531274742676,0.0,0.0,1.979414093428345,0.0,0.0,0.0,0.0,252.6,6,0.46951702296120346,0.5225653206650832
GUY,22.01027146001467,0.0,0.0,0.0,0.0,0.0,0.0,77.98972853998532,0.0,0.0,0.0,0.0,0.0,0.0,0.0,136.3,5,0.0,0.7798972853998533
HND,2.309607505300549,0.0,0.0,1.810732284155631,1.8014938541344288,23.796809970113678,0.0,36.42712957360026,0.0,0.0,27.920845131578343,0.0,0.11317076775972694,0.0,5.820210913357384,2164.87,40,0.5933935986918383,0.38237861857755895
HRV,0.0,10.077874484654146,0.0,17.767598106581158,0.0,49.555657352267524,0.0,22.598870056497177,0.0,0.0,0.0,0.0,0.0,0.0,0.0,3274.5,24,0.49555657352267524,0.5044434264773249
HUN,0.0,18.980399637560204,0.0,46.97887357527779,0.0,0.0,29.993482442335505,2.7024019584465955,0.0,0.0,1.344842386379894,0.0,0.0,0.0,0.0,6290.700000000001,18,0.01344842386379894,0.6866167517128459
IDN,0.0,60.16850627811483,0.0,26.27615877757648,2.752740443365155,9.352737186024005,0.0,1.4498573149195373,0.0,0.0,0.0,0.0,0.0,0.0,0.0,48751.418,178,0.1210547762938916,0.8789452237061086
IND,0.31739840392698065,64.82968857720014,0.0,7.892568812031551,0.0,14.414147736944575,2.777702675755926,0.5317623878721629,0.0,0.0,8.082893329516597,0.0,0.0,0.0,1.1538380767520757,316088.546,1589,0.23650879143213246,0.7325401977710386
IRL,1.8068753585724364,12.067817175867003,0.0,48.69990701845782,0.0,5.341492848334575,0.0,15.109170881610096,0.0,0.0,0.0,0.0,0.0,0.0,16.97473671715806,7582.150000000001,59,0.22316229565492635,0.7587689507593492
IRN,0.0,0.0,0.0,61.93236541774157,0.0,17.69414671271029,1.6296704317485877,18.432550385335574,0.0,0.0,0.14830000928912146,0.0,0.0,0.0,0.16296704317485874,61362.1,107,0.1800541376517427,0.8036491580307714
IRQ,0.0,0.0,0.0,52.567646443399454,0.0,14.17354052178893,0.0,33.25881303481163,0.0,0.0,0.0,0.0,0.0,0.0,0.0,18160.6,28,0.1417354052178893,0.8582645947821109
ISL,0.0,0.0,0.0,0.0,23.021814376559607,76.97818562344038,0.0,0.0,0.0,0.0,0.0,0.0,0.0,0.0,0.0,2484.6,20,0.9999999999999999,0.0
ISR,0.0,33.00195011523409,0.0,62.819621159432145,0.0,0.0,0.0,0.0,0.0,0.0,3.8920481664825646,0.0,0.0,0.0,0.28638055885120484,14665.8,59,0.041784287253337694,0.9582157127466624
ITA,0.0,12.329150560927097,0.0,52.76779306289645,1.1724458533859878,18.310649173829255,0.0,12.0783812202904,0.5261641484390327,0.0,2.6714390822033662,0.0,0.0,0.0,0.143976898028403,73095.06000000001,396,0.2229851100744701,0.7717532484411395
JAM,0.0,0.0,0.0,15.141955835962145,0.0,1.8675078864353312,0.0,75.58359621451103,0.0,0.0,2.5236593059936907,0.0,0.0,0.0,4.8832807570977925,792.5,10,0.09274447949526814,0.9072555205047318
JOR,0.0,0.0,0.0,79.81290528329967,0.0,0.0,0.0,8.121611565855215,0.0,0.0,12.065483150845116,0.0,0.0,0.0,0.0,4703.5,33,0.12065483150845116,0.8793451684915489
JPN,0.0,19.275572241374388,0.0,24.777721258964686,0.24901812427550607,12.740645743046079,19.751042238126427,20.48616342841727,0.0,0.0,2.6404371909474045,0.0,0.009750849542766414,0.0,0.06964892530547438,215365.85,522,0.15699749983574465,0.6453945692875636
KAZ,0.0,85.18359458879107,0.0,2.1473051320592655,0.0,11.219669315009662,0.0,0.0,0.0,0.0,1.4494309641400043,0.0,0.0,0.0,0.0,18628.0,33,0.12669100279149667,0.8733089972085033
KEN,0.0,0.0,0.0,0.0,30.33106721911582,31.58614586266544,0.0,22.34603161832737,0.0,0.0,2.2406371937728795,0.0,0.0,0.0,13.49611810611851,2485.8999999999996,23,0.7765396838167266,0.2234603161832737
KGZ,0.0,18.547055586130984,0.0,0.0,0.0,80.07705008255365,0.0,1.3758943313153549,0.0,0.0,0.0,0.0,0.0,0.0,0.0,3634.0,8,0.8007705008255366,0.1992294991744634
KHM,0.13178703215603585,33.27622561939905,0.0,0.0,0.0,59.8972061149183,0.0,3.5318924617817613,0.0,0.0,1.5023721665788088,0.0,1.6605166051660518,0.0,0.0,1517.6,16,0.613995782814971,0.3680811808118081
KOR,0.10857252463691539,33.30864313698998,0.0,31.72016678348266,0.0,6.095201215047187,23.198329430754256,4.6796768720818624,0.0,0.0,0.16135083522430482,0.0,0.06948641576762586,0.25534649312756025,0.4032262928876552,99472.68,132,0.06915124836286707,0.6970848679255451
KOS,0.0,100.0,0.0,0.0,0.0,0.0,0.0,0.0,0.0,0.0,0.0,0.0,0.0,0.0,0.0,1478.0,2,0.0,1.0
KWT,0.0,0.0,0.0,99.94391317759892,0.0,0.0,0.0,0.0,0.0,0.0,0.05608682240107687,0.0,0.0,0.0,0.0,17829.5,9,0.0005608682240107687,0.9994391317759892
LAO,0.0,37.65896776729244,0.0,0.0,0.0,62.34103223270755,0.0,0.0,0.0,0.0,0.0,0.0,0.0,0.0,0.0,4986.860000000001,20,0.6234103223270755,0.3765896776729244
LBN,0.0,0.0,0.0,45.404047722552285,0.0,0.0,0.0,54.5959522774477,0.0,0.0,0.0,0.0,0.0,0.0,0.0,2070.3,7,0.0,0.9999999999999999
LBR,0.0,0.0,0.0,0.0,0.0,81.85538881309687,0.0,18.14461118690314,0.0,0.0,0.0,0.0,0.0,0.0,0.0,73.3,2,0.8185538881309686,0.18144611186903142
LBY,0.0,0.0,0.0,94.94463168030813,0.0,0.0,0.0,5.055368319691863,0.0,0.0,0.0,0.0,0.0,0.0,0.0,6231.0,12,0.0,1.0
LCA,0.0,0.0,0.0,0.0,0.0,0.0,0.0,0.0,0.0,0.0,100.0,0.0,0.0,0.0,0.0,3.0,1,1.0,0.0
LKA,0.0,24.192898040375262,0.0,0.0,0.0,38.754334560898904,0.0,32.39160237628021,0.0,0.0,1.1935163033251794,0.0,0.0,0.0,3.467648719120454,3720.1,48,0.4341549958334454,0.5658450041665547
LSO,0.0,0.0,0.0,0.0,0.0,100.0,0.0,0.0,0.0,0.0,0.0,0.0,0.0,0.0,0.0,72.0,1,1.0,0.0
LTU,0.0,0.0,0.0,71.33035407356479,0.0,28.6696459264352,0.0,0.0,0.0,0.0,0.0,0.0,0.0,0.0,0.0,3490.8,6,0.286696459264352,0.713303540735648
LUX,0.0,0.0,0.0,22.903033908387865,0.0,77.09696609161215,0.0,0.0,0.0,0.0,0.0,0.0,0.0,0.0,0.0,1681.0,2,0.7709696609161214,0.22903033908387865
LVA,0.0,0.0,0.0,39.45605045329129,0.0,60.54394954670871,0.0,0.0,0.0,0.0,0.0,0.0,0.0,0.0,0.0,2537.0,5,0.6054394954670871,0.3945605045329129
MAR,0.0,32.59534858052144,0.0,19.154797437442227,0.0,19.275520950703417,0.0,8.936989224564131,0.0,0.0,6.128155482687099,0.0,0.0,0.0,13.909188324081697,8697.56,45,0.3931286475747221,0.6068713524252779
MDA,0.0,86.47906657515443,0.0,11.324639670555937,0.0,2.1962937542896364,0.0,0.0,0.0,0.0,0.0,0.0,0.0,0.0,0.0,2914.0,6,0.021962937542896365,0.9780370624571038
MDG,0.0,33.33981607534798,0.0,8.215486344567,0.0,31.29775234073292,0.0,20.2011502236546,0.0,0.0,6.945795015697496,0.0,0.0,0.0,0.0,359.93,12,0.3824354735643042,0.6175645264356958
MEX,1.0845670470561637,8.62394353324493,0.0,41.16704801822791,1.4488686926669863,19.951447826456445,2.421194915811365,18.475480992016468,0.0,0.0,4.2831098404737205,0.0,0.0,0.0,2.544339134046009,62365.9,277,0.28227765493643164,0.682664725434893
MKD,0.0,58.71128724497285,0.0,0.0,0.0,41.288712755027156,0.0,0.0,0.0,0.0,0.0,0.0,0.0,0.0,0.0,1362.6,12,0.41288712755027157,0.5871128724497285
MLI,0.0,0.0,0.0,0.0,0.0,100.0,0.0,0.0,0.0,0.0,0.0,0.0,0.0,0.0,0.0,311.5,4,1.0,0.0
MMR,0.0,4.138346166386596,0.0,26.257179403576536,0.0,68.35043013719245,0.0,0.0,0.0,0.0,1.2540442928444233,0.0,0.0,0.0,0.0,3987.1,35,0.6960447443003688,0.30395525569963133
MNE,0.0,24.675324675324674,0.0,0.0,0.0,75.32467532467533,0.0,0.0,0.0,0.0,0.0,0.0,0.0,0.0,0.0,885.5,3,0.7532467532467533,0.24675324675324675
MNG,0.0,88.93805309734513,0.0,0.0,0.0,0.0,0.0,0.0,0.0,0.0,5.530973451327434,0.0,0.0,0.0,5.530973451327434,904.0,8,0.11061946902654868,0.8893805309734514
MOZ,0.0,0.0,0.0,0.0,0.0,100.0,0.0,0.0,0.0,0.0,0.0,0.0,0.0,0.0,0.0,2285.0,3,1.0,0.0
MRT,0.0,0.0,0.0,37.998252080404306,0.0,0.0,0.0,42.05266557738344,0.0,0.0,10.449519322111184,0.0,0.0,0.0,9.499563020101077,315.804,7,0.1994908234221226,0.8005091765778775
MUS,10.29548080451323,22.713741156348778,0.0,0.0,0.0,5.194037213336312,0.0,50.4853583807842,0.0,0.0,11.311382445017482,0.0,0.0,0.0,0.0,989.269,23,0.16505419658353795,0.7319909953713298
MWI,2.7092928745597398,0.0,0.0,4.199403955567597,0.0,93.09130316987266,0.0,0.0,0.0,0.0,0.0,0.0,0.0,0.0,0.0,369.1,5,0.9309130316987266,0.04199403955567597
MYS,0.04167462536248242,45.16140235114345,0.0,46.293563006824215,0.0,6.907569153831461,0.0,0.6181736095434892,0.0,0.0,0.9776172532949,0.0,0.0,0.0,0.0,28794.5,55,0.07885186407126361,0.9207313896751116
NAM,0.0,23.88059701492537,0.0,0.0,0.0,47.76119402985074,0.0,11.920398009950251,0.0,0.0,16.437810945273633,0.0,0.0,0.0,0.0,502.5,13,0.6419900497512439,0.3580099502487562
NER,0.0,22.488038277511965,0.0,0.0,0.0,0.0,0.0,73.32535885167464,0.0,0.0,4.186602870813397,0.0,0.0,0.0,0.0,167.2,7,0.04186602870813397,0.958133971291866
NGA,0.0,0.0,0.0,69.4888178913738,0.0,30.35143769968051,0.0,0.0,0.0,0.0,0.1597444089456869,0.0,0.0,0.0,0.0,6260.0,13,0.305111821086262,0.694888178913738
NIC,0.0,0.0,0.0,7.528376187167014,18.415566365531618,12.091730368311328,0.0,47.09288858003243,0.0,0.0,1.4593467685892982,0.0,13.412091730368312,0.0,0.0,863.4,16,0.31966643502432246,0.5462126476719944
NLD,0.0,29.51095377166466,0.0,54.7968098747241,0.0,0.0,2.8540005143085465,0.0,0.0,0.0,1.4423000537258241,0.0,0.0,0.0,11.395935785576883,16993.69,71,0.12838235839302709,0.8430776364638877
NOR,0.0,0.0,0.0,4.466836656323923,0.0,93.61924364842862,0.0,0.0,0.0,0.0,0.0,0.0,0.0,0.0,1.913919695247458,32551.0,306,0.9553316334367608,0.04466836656323923
NPL,0.0,0.0,0.0,0.0,0.0,94.8975252997704,0.0,0.0,0.0,0.0,5.102474700229611,0.0,0.0,0.0,0.0,587.95,14,1.0,0.0
NZL,0.0,7.491141724910294,0.0,7.596017709059037,9.978200777580511,65.74225977781273,0.0,2.3222539347221907,0.0,0.0,0.0,0.0,0.0,0.0,6.87012607591523,6674.55,43,0.8259058663130847,0.17409413368691523
OMN,0.0,0.0,0.0,81.05410261529246,0.0,0.0,0.0,0.0,0.0,0.0,18.945897384707525,0.0,0.0,0.0,0.0,6010.8,12,0.18945897384707525,0.8105410261529247
PAK,0.0,14.486133768352365,0.0,13.297599627126544,0.0,37.23887205779538,6.837567000699138,22.619436028897695,0.0,0.0,3.161966907480774,0.0,0.0,0.0,2.3584246096481007,21455.0,62,0.4275926357492426,0.504031694243766
PAN,0.0,7.3475385745775155,0.0,9.796718099436687,0.0,65.08082292432034,0.0,16.066617683076164,0.0,0.0,1.7083027185892723,0.0,0.0,0.0,0.0,1633.2000000000003,17,0.6678912564290961,0.3321087435709037
PER,0.0,1.7760794391894617,0.0,57.34852867964639,0.0,36.80520983302162,0.0,0.0,0.0,0.0,3.2359629176141333,0.0,0.0,0.0,0.8342191305283835,7432.1,32,0.40875391881164136,0.5912460811883585
PHL,0.11245553662527208,42.14090244361536,0.0,16.462911391794123,8.92018552750334,16.415129854773085,0.0,9.923597804945146,0.0,0.0,5.774326352724271,0.0,0.0,0.0,0.25049108801938286,20719.300000000003,123,0.3136013282302008,0.6852741164035463
PNG,0.0,0.0,0.0,17.694765298599165,7.372818874416319,40.55050380928976,0.0,34.38191201769477,0.0,0.0,0.0,0.0,0.0,0.0,0.0,406.9,15,0.47923322683706077,0.5207667731629394
POL,0.5672523877367949,81.68170545089968,0.0,4.759643290591526,0.0,5.482560287056092,0.0,1.7281409951981426,0.0,0.0,0.044852514379188434,0.0,0.0,0.0,5.7358450741385685,37902.0,189,0.1126325787557385,0.8816948973668935
PRK,0.0,58.67723718505648,0.0,0.0,0.0,41.32276281494352,0.0,0.0,0.0,0.0,0.0,0.0,0.0,0.0,0.0,9208.0,31,0.41322762814943526,0.5867723718505647
PRT,3.0715780084509428,13.41484058449098,0.0,25.968364306378138,0.1953222491574015,18.721434121060728,0.0,0.0,0.0,0.0,4.21559669861994,0.0,0.8938705707967195,0.0,33.51899346104515,14744.864,469,0.5665134652988322,0.39383204890869117
PRY,0.0,0.0,0.0,0.0,0.0,100.0,0.0,0.0,0.0,0.0,0.0,0.0,0.0,0.0,0.0,8760.0,3,1.0,0.0
PSE,0.0,0.0,0.0,0.0,0.0,0.0,0.0,0.0,0.0,0.0,100.0,0.0,0.0,0.0,0.0,7.6,1,1.0,0.0
QAT,0.0,0.0,0.0,100.0,0.0,0.0,0.0,0.0,0.0,0.0,0.0,0.0,0.0,0.0,0.0,10548.0,12,0.0,1.0
ROU,0.0,39.64661464200616,0.0,22.88538871706641,0.0,22.748841051690118,8.861943482921301,0.0,0.0,0.0,3.2218421645535913,0.0,0.0,0.0,2.635369941762421,14646.9,68,0.2860605315800613,0.6253200335907257
RUS,0.2541406857110057,20.18763031556605,0.0,46.763034185646696,0.032424846107955894,19.97696521405547,12.342473853633805,0.04340985816101608,0.013013755802787703,0.0,0.36837254220214216,0.0,0.0,0.0,0.018534743113061275,228220.05000000002,545,0.20396297345478626,0.6699407435937377
RWA,0.0,0.0,0.0,13.424204874018999,0.0,65.88186699710863,0.0,14.353572903758776,0.0,0.0,4.388682362660058,0.0,1.9516728624535313,0.0,0.0,193.68,11,0.702705493597687,0.27777777777777773
SAU,0.0,0.0,0.0,40.90761907980112,0.0,0.0,0.0,58.92994615346765,0.0,0.0,0.1624347667312256,0.0,0.0,0.0,0.0,84341.55,90,0.001624347667312256,0.9983756523326878
SDN,4.503039551697396,0.0,0.0,11.40055251580531,0.0,55.03750746039291,0.0,29.058900472104384,0.0,0.0,0.0,0.0,0.0,0.0,0.0,2798.11,19,0.5503750746039291,0.40459452987909694
SEN,0.0,0.0,0.0,0.0,0.0,17.23741668581935,0.0,67.57929211675476,0.0,0.0,15.183291197425874,0.0,0.0,0.0,0.0,696.1600000000001,10,0.32420707883245226,0.6757929211675475
SGP,0.0,0.0,0.0,69.9267935578331,0.0,0.0,0.0,28.91654465592972,0.0,0.0,0.0,0.0,1.1566617862371888,0.0,0.0,13660.0,14,0.0,0.9884333821376282
SLE,0.0,0.0,0.0,0.0,0.0,39.682539682539684,0.0,60.317460317460316,0.0,0.0,0.0,0.0,0.0,0.0,0.0,126.0,3,0.39682539682539686,0.6031746031746031
SLV,0.0,0.0,0.0,0.0,14.381388790976382,33.084243919633415,0.0,33.500176242509696,0.0,0.0,19.03419104688051,0.0,0.0,0.0,0.0,1418.5,16,0.6649982375749031,0.33500176242509694
SRB,0.0,69.96732847449107,0.0,0.0,0.0,30.03267152550892,0.0,0.0,0.0,0.0,0.0,0.0,0.0,0.0,0.0,7958.0,12,0.3003267152550892,0.6996732847449106
SUR,0.0,0.0,0.0,0.0,0.0,0.0,0.0,0.0,0.0,0.0,100.0,0.0,0.0,0.0,0.0,5.0,1,1.0,0.0
SVK,0.0,22.436710181259087,0.0,11.683780409124903,0.0,37.24782774769454,28.24650208799427,0.0,0.0,0.0,0.3851795739271946,0.0,0.0,0.0,0.0,6230.860000000001,30,0.3763300732162173,0.34120490590383995
SVN,0.0,48.28216374269006,0.0,10.855263157894738,0.0,15.423976608187134,25.438596491228072,0.0,0.0,0.0,0.0,0.0,0.0,0.0,0.0,2736.0,8,0.15423976608187134,0.591374269005848
SWE,3.3184827413915143,0.3028158084992827,0.0,5.072164792362986,0.0,48.53721038506815,36.95109903212497,3.179565989242468,0.0,0.0,0.0,0.0,0.0,0.0,2.6386612513106247,26418.7,168,0.5117587163637878,0.08554546590104736
SWZ,46.41350210970464,0.0,0.0,0.0,0.0,53.58649789029536,0.0,0.0,0.0,0.0,0.0,0.0,0.0,0.0,0.0,94.8,6,0.5358649789029536,0.0
SYR,0.0,0.0,0.0,36.58046698468491,0.0,18.89279437609842,0.0,44.526738639216674,0.0,0.0,0.0,0.0,0.0,0.0,0.0,7966.0,18,0.18892794376098418,0.8110720562390159
TGO,0.0,0.0,0.0,14.504341051897866,0.0,33.62137007083038,0.0,51.874288877271745,0.0,0.0,0.0,0.0,0.0,0.0,0.0,195.114,3,0.3362137007083038,0.6637862992916961
THA,0.22343100243857542,13.264639648159218,0.0,73.02865010856327,0.0,9.55255798236257,0.0,0.0,0.0,0.0,3.4011443903939806,0.0,0.0,0.0,0.5295768680824022,39654.299999999996,196,0.13483279240838952,0.8629328975672249
TJK,0.0,0.0,0.0,0.0,0.0,88.48274299524205,0.0,11.51725700475795,0.0,0.0,0.0,0.0,0.0,0.0,0.0,5296.4,10,0.8848274299524205,0.1151725700475795
TKM,0.0,0.0,0.0,34.13433700057904,0.0,0.0,0.0,65.86566299942096,0.0,0.0,0.0,0.0,0.0,0.0,0.0,3454.0,7,0.0,1.0
TTO,0.0,0.0,0.0,87.36361092977711,0.0,0.0,0.0,12.636389070222886,0.0,0.0,0.0,0.0,0.0,0.0,0.0,2144.6,6,0.0,1.0
TUN,0.0,0.0,0.0,96.11654328807253,0.0,1.0727999683306284,0.0,0.0,0.0,0.0,0.0,0.0,0.0,0.0,2.810656743596849,5052.2,27,0.03883456711927477,0.9611654328807253
TUR,0.0,34.41948344533062,0.0,33.99961512070242,0.9330407213959845,26.900730298747977,0.0,1.637875233017201,0.0,0.0,1.3501876772534391,0.0,0.0,0.0,0.7590675035523582,51444.7,163,0.29943026200949757,0.7005697379905024
TWN,0.0,38.13300383264905,0.0,31.369031271212993,0.0,10.280324606187383,14.01166187339198,5.374630561331791,0.0,0.0,0.3071601365801118,0.0,0.0,0.0,0.5241877186466896,37211.86,39,0.11111672461414183,0.7487666566519384
TZA,0.0,0.0,0.0,33.53443941679235,0.0,56.41025641025641,0.0,10.055304172951232,0.0,0.0,0.0,0.0,0.0,0.0,0.0,994.5,11,0.5641025641025641,0.43589743589743585
UGA,1.5533980582524272,0.0,0.0,0.0,0.0,86.27831715210355,0.0,6.472491909385113,0.0,0.0,5.6957928802589,0.0,0.0,0.0,0.0,772.5,11,0.9197411003236247,0.06472491909385113
UKR,0.0,54.66359754415295,0.0,3.5824730593908143,0.0,11.7953954926724,28.484778607282713,0.0,0.0,0.0,1.4737552965011178,0.0,0.0,0.0,0.0,48569.8,64,0.13269150789173517,0.5824607060354376
URY,9.804899836545406,0.0,0.0,6.3129585281484015,0.0,36.53970426122325,0.0,9.164385904892235,0.0,0.0,5.345772988178052,0.0,0.0,0.0,32.83227848101266,4209.12,73,0.7471775573041396,0.15477344433040638
USA,0.4252895714193984,20.68248632856981,0.08649901105149382,45.36099453275612,0.3228521629380708,8.438792050442038,8.652648818456298,3.0833659952879615,0.04751634733769201,0.19604228838695567,3.152013171093175,0.06770498408214815,0.8109074754861011,0.0,8.67288726269272,1204638.0500000003,9833,0.20586544647166,0.691268468566139
UZB,0.0,19.95253164556962,0.0,67.8639240506329,0.0,9.018987341772151,0.0,2.3734177215189876,0.0,0.0,0.7911392405063291,0.0,0.0,0.0,0.0,12640.0,16,0.0981012658227848,0.9018987341772151
VEN,0.0,0.0,0.0,43.18883457679444,0.0,56.81116542320556,0.0,0.0,0.0,0.0,0.0,0.0,0.0,0.0,0.0,31096.0,43,0.5681116542320556,0.43188834576794444
VNM,0.053203722616104426,34.15920827056705,0.0,18.703526850588712,0.0,40.50759737067203,0.0,2.2127911906243436,0.0,0.0,3.909022601666873,0.0,0.0,0.0,0.4546499932648924,41350.49,236,0.44871269965603794,0.5507552631178011
YEM,0.0,0.0,0.0,38.27751196172249,0.0,0.0,0.0,61.72248803827751,0.0,0.0,0.0,0.0,0.0,0.0,0.0,1045.0,7,0.0,1.0
ZAF,0.026971978890460054,78.9208035269829,0.0,0.6782659397453925,0.0,4.005279368221059,3.5698207355020655,4.099344144601539,0.0,0.0,4.587298974469832,0.0,0.08446592506946277,0.0,4.027749406517303,50422.7,104,0.12620327749208193,0.8369841361132982
ZMB,0.45501921105462056,11.155165752748726,0.0,0.0,0.0,80.31719341979083,0.0,6.306387038887279,0.0,0.0,1.7662345775185482,0.0,0.0,0.0,0.0,2689.337,15,0.8208342799730937,0.17461552791636006
ZWE,0.0,55.08982035928144,0.0,0.0,0.0,44.91017964071856,0.0,0.0,0.0,0.0,0.0,0.0,0.0,0.0,0.0,1670.0,2,0.4491017964071856,0.5508982035928144
